"Beverage ID";"Retail name";"Retail price";"Hidden Costs";"True Price";"Net Hidden Costs";"Beverage-type";"Salepoint";"Deca";"Milk Type";"Price Excluding Tax";"Value Added Tax";"Smart Value Added Tax";"Smart Pricing rounded";"Offsetting";"Labels"
"Café Conventionnel, Brazil";"Café Conventionnel, Brazil";4.5;0.209;4.71;0.209;"Café";"OLMA";"False";"none";4.163;0.337;0.052;4.4;0;"none"
"Café Conventionnel, Colombia";"Café Conventionnel, Colombia";4.5;0.262;4.76;0.262;"Café";"OLMA";"False";"none";4.163;0.337;0.058;4.4;0;"none"
"Café Conventionnel, India";"Café Conventionnel, India";4.5;0.396;4.9;0.396;"Café";"OLMA";"False";"none";4.163;0.337;0.075;4.45;0;"none"
"Café Conventionnel, Indonesia";"Café Conventionnel, Indonesia";4.5;0.355;4.86;0.355;"Café";"OLMA";"False";"none";4.163;0.337;0.07;4.45;0;"none"
"Café Conventionnel, Vietnam";"Café Conventionnel, Vietnam";4.5;0.176;4.68;0.176;"Café";"OLMA";"False";"none";4.163;0.337;0.048;4.35;0;"none"
"Café Fairtrade, Brazil";"Café Fairtrade, Brazil";4.5;0.183;4.68;0.183;"Café";"OLMA";"False";"none";4.163;0.337;0.049;4.35;0;"fairtrade"
"Café Fairtrade, Colombia";"Café Fairtrade, Colombia";4.5;0.228;4.73;0.228;"Café";"OLMA";"False";"none";4.163;0.337;0.054;4.4;0;"fairtrade"
"Café Fairtrade, India";"Café Fairtrade, India";4.5;0.361;4.86;0.361;"Café";"OLMA";"False";"none";4.163;0.337;0.071;4.45;0;"fairtrade"
"Café Fairtrade, Indonesia";"Café Fairtrade, Indonesia";4.5;0.269;4.77;0.269;"Café";"OLMA";"False";"none";4.163;0.337;0.059;4.4;0;"fairtrade"
"Café Fairtrade, Vietnam";"Café Fairtrade, Vietnam";4.5;0.16;4.66;0.16;"Café";"OLMA";"False";"none";4.163;0.337;0.046;4.35;0;"fairtrade"
"Cappuccino";"Cappuccino";5.5;0.416;5.92;0.416;"Cappuccino";"OLMA";"False";"Cow milk";5.088;0.412;0.077;5.5;0;"none"
"Cappuccino, lait d'amande";"Cappuccino, lait d'amande";5.5;0.428;5.93;0.428;"Cappuccino";"OLMA";"False";"Almond milk";5.088;0.412;0.079;5.5;0;"none"
"Cappuccino, lait d'avoine";"Cappuccino, lait d'avoine";5.5;0.31;5.81;0.31;"Cappuccino";"OLMA";"False";"Oat milk";5.088;0.412;0.064;5.4;0;"eu-organic"
"Cappuccino, lait de soja";"Cappuccino, lait de soja";5.5;0.445;5.94;0.445;"Cappuccino";"OLMA";"False";"Soya milk";5.088;0.412;0.081;5.5;0;"none"
